name	version	spdx	checksum
aead	0.5.2	MIT OR Apache-2.0	d122413f284cf2d62fb1b7db97e02edb8cda96d769b16e443a4f6195e35662b0
aead	0.6.1	MIT OR Apache-2.0	1973cfbc1a2daf9cf550e74e1f088c28e7f7d8c1e1418fb6c9dc5184b7e84c99
aes	0.8.4	MIT OR Apache-2.0	b169f7a6d4742236a0a00c541b845991d0ac43e546831af1249753ab4c3aa3a0
ahash	0.8.12	MIT OR Apache-2.0	5a15f179cd60c4584b8a8c596927aadc462e27f2ca70c04e0071964a73ba7a75
allocator-api2	0.2.21	MIT OR Apache-2.0	683d7910e743518b0e34f1186f92494becacb047c7b6bf616c96772180fef923
argon2	0.5.3	MIT OR Apache-2.0	3c3610892ee6e0cbce8ae2700349fcf8f98adb0dbfbee85aec3c9179d29cc072
ark-bn254	0.5.0	MIT OR Apache-2.0	d69eab57e8d2663efa5c63135b2af4f396d66424f88954c21104125ab6b3e6bc
ark-crypto-primitives	0.5.0	MIT OR Apache-2.0	1e0c292754729c8a190e50414fd1a37093c786c709899f29c9f7daccecfa855e
ark-crypto-primitives-macros	0.5.0	MIT OR Apache-2.0	e7e89fe77d1f0f4fe5b96dfc940923d88d17b6a773808124f21e764dfb063c6a
ark-ec	0.5.0	MIT OR Apache-2.0	43d68f2d516162846c1238e755a7c4d131b892b70cc70c471a8e3ca3ed818fce
ark-ff	0.5.0	MIT OR Apache-2.0	a177aba0ed1e0fbb62aa9f6d0502e9b46dad8c2eab04c14258a1212d2557ea70
ark-ff-asm	0.5.0	MIT OR Apache-2.0	62945a2f7e6de02a31fe400aa489f0e0f5b2502e69f95f853adb82a96c7a6b60
ark-ff-macros	0.5.0	MIT OR Apache-2.0	09be120733ee33f7693ceaa202ca41accd5653b779563608f1234f78ae07c4b3
ark-groth16	0.5.0	MIT OR Apache-2.0	88f1d0f3a534bb54188b8dcc104307db6c56cdae574ddc3212aec0625740fc7e
ark-poly	0.5.0	MIT OR Apache-2.0	579305839da207f02b89cd1679e50e67b4331e2f9294a57693e5051b7703fe27
ark-r1cs-std	0.5.0	MIT OR Apache-2.0	941551ef1df4c7a401de7068758db6503598e6f01850bdb2cfdb614a1f9dbea1
ark-relations	0.5.1	MIT OR Apache-2.0	ec46ddc93e7af44bcab5230937635b06fb5744464dd6a7e7b083e80ebd274384
ark-serialize	0.5.0	MIT OR Apache-2.0	3f4d068aaf107ebcd7dfb52bc748f8030e0fc930ac8e360146ca54c1203088f7
ark-serialize-derive	0.5.0	MIT OR Apache-2.0	213888f660fddcca0d257e88e54ac05bca01885f258ccdf695bafd77031bb69d
ark-snark	0.5.1	MIT OR Apache-2.0	d368e2848c2d4c129ce7679a7d0d2d612b6a274d3ea6a13bad4445d61b381b88
ark-std	0.5.0	MIT OR Apache-2.0	246a225cc6131e9ee4f24619af0f19d67761fff15d7ccc22e42b80846e69449a
arrayvec	0.7.8	MIT OR Apache-2.0	d3fb67a6e08acf24fdeccbac2cb6ac4305825bd1f117462e0e6f2f193345ad56
atomic-polyfill	1.0.3	MIT OR Apache-2.0	8cf2bce30dfe09ef0bfaef228b9d414faaf7e563035494d7fe092dba54b300f4
autocfg	1.5.1	Apache-2.0 OR MIT	f2032f911046de80f0a198e0901378627c33f59ea0ac00e363d481118bd70a53
base16ct	0.2.0	Apache-2.0 OR MIT	4c7f02d4ea65f2c1853089ffd8d2787bdbc63de2f0d29dedbcf8ccdfa0ccd4cf
base64ct	1.8.3	Apache-2.0 OR MIT	2af50177e190e07a26ab74f8b1efbfe2ef87da2116221318cb1c2e82baf7de06
bech32	0.11.1	MIT	32637268377fc7b10a8c6d51de3e7fba1ce5dd371a96e342b34e6078db558e7f
bellman	0.14.0	MIT OR Apache-2.0	9afceed28bac7f9f5a508bca8aeeff51cdfa4770c0b967ac55c621e2ddfd6171
bitflags	2.13.1	MIT OR Apache-2.0	b588b76d00fde79687d7646a9b5bdf3cc0f655e0bbd080335a95d7e96f3587da
bitvec	1.1.1	MIT	ddcec3d12c579d40898fe0a9a358a803c23e9c52ca3c425707f81c9436211837
blake2	0.10.6	MIT OR Apache-2.0	46502ad458c9a52b69d4d4d32775c788b7a1b85e8bc9d482d92250fc0e3f8efe
blake2b_simd	1.0.5	MIT	3560a7b1951efe814fcd721938313adc56753ca39f4b23847d7e9a2402f5dbff
blake2s_simd	1.0.5	MIT	2380c0236432f7b22a70229df30f218f5293870c056beb76f5ca068e3273a366
block-buffer	0.10.4	MIT OR Apache-2.0	3078c7629b62d3f0439517fa394996acacc5cbc91c5a20d8c658e77abd503a71
block-buffer	0.12.1	MIT OR Apache-2.0	d2f6c7dbe95a6ed67ad9f18e57daf93a2f034c524b99fd2b76d18fdfeb6660aa
bls12_381	0.8.0	MIT OR Apache-2.0	d7bc6d6292be3a19e6379786dac800f551e5865a5bb51ebbe3064ab80433f403
byteorder	1.5.0	Unlicense OR MIT	1fd0f2584146f6f2ef48085050886acf353beff7305ebd1ae69500e27c67f64b
cbc	0.1.2	MIT OR Apache-2.0	26b52a9543ae338f279b96b0b9fed9c8093744685043739079ce85cd58f289a6
cc	1.4.4	MIT OR Apache-2.0	0ad534f4357a5264cce5019c989cf66a4f0dc4e0d1b1d15f8aacec0ff7360273
cfg-if	1.0.4	MIT OR Apache-2.0	9330f8b2ff13f34540b44e946ef35111825727b38d33286ef986142615121801
cfg_aliases	0.2.2	MIT	f079e83a288787bcd14a6aea84cee5c87a67c5a3e660c30f557a3d24761b3527
chacha20	0.10.2	MIT OR Apache-2.0	65c35e4b699c7e15ccbe7ee35c005e4fc0a278d22238a2857e6ce2dadeda1b06
chacha20	0.9.1	Apache-2.0 OR MIT	c3613f74bd2eac03dad61bd53dbe620703d4371614fe0bc3b9f04dd36fe4e818
chacha20poly1305	0.10.1	Apache-2.0 OR MIT	10cd79432192d1c0f4e1a0fef9527696cc039165d729fb41b3f4f4f354c2dc35
chacha20poly1305	0.11.0	Apache-2.0 OR MIT	9b89e1c441e926b9c82a8d023f6e1b7ae0adcfaa7d621814e4d60789bac751cb
cipher	0.4.4	MIT OR Apache-2.0	773f3b9af64447d2ce9850330c473515014aa235e6a783b02db81ff39e4a3dad
cipher	0.5.2	MIT OR Apache-2.0	e8cf2a2c93cd704877c0858356ed03480ff301ee950b43f1cbe4573b088bfa6c
cmov	0.5.4	Apache-2.0 OR MIT	0c9ea0ac24bc397ab3c98583a3c9ba74fa56b09a4449bbe172b9b1ddb016027a
cobs	0.3.0	MIT OR Apache-2.0	0fa961b519f0b462e3a3b4a34b64d119eeaca1d59af726fe450bbba07a9fc0a1
const-crc32-nostd	1.3.1	MIT	808ac43170e95b11dd23d78aa9eaac5bea45776a602955552c4e833f3f0f823d
const-oid	0.9.6	Apache-2.0 OR MIT	c2459377285ad874054d797f3ccebf984978aa39129f6eafde5cdc8315b612f8
constant_time_eq	0.4.2	CC0-1.0 OR MIT-0 OR Apache-2.0	3d52eff69cd5e647efe296129160853a42795992097e8af39800e1060caeea9b
corez	0.1.1	MIT OR Apache-2.0	4df6f98652d30167eaeea34d77b730e07c8caba6df17bd4551842b9b8da01deb
cpufeatures	0.2.17	MIT OR Apache-2.0	59ed5838eebb26a2bb2e58f6d5b5316989ae9d08bab10e0e6d103e656d1b0280
cpufeatures	0.3.1	MIT OR Apache-2.0	5ca28b0ae3115b884660db4118d803791fd6756b6e88f39c0f3f7859060d7566
critical-section	1.2.0	MIT OR Apache-2.0	790eea4361631c5e7d22598ecd5723ff611904e3344ce8720784c93e3d83d40b
crypto-common	0.1.7	MIT OR Apache-2.0	78c8292055d1c1df0cce5d180393dc8cce0abec0a7102adb6c7b1eef6016d60a
crypto-common	0.2.2	MIT OR Apache-2.0	ce6e4c961d6cd6c9a86db418387425e8bdeaf05b3c8bc1411e6dca4c252f1453
ctutils	0.4.2	Apache-2.0 OR MIT	7d5515a3834141de9eafb9717ad39eea8247b5674e6066c404e8c4b365d2a29e
curve25519-dalek	4.1.3	BSD-3-Clause	97fb8b7c4503de7d6ae7b42ab72a5a59857b4c937ec27a3d4539dba95b5ab2be
curve25519-dalek	5.0.0	BSD-3-Clause	b5eed333089e2e1c1ac8c6c0398e5e2497b4c9926ca6d0365ed1e099afa5bc23
curve25519-dalek-derive	0.1.1	MIT OR Apache-2.0	f46882e17999c6cc590af592290432be3bce0428cb0d5f8b6715e4dc7b383eb3
der	0.7.10	Apache-2.0 OR MIT	e7c1832837b905bbfb5101e07cc24c8deddf52f93225eee6ead5f4d63d53ddcb
derivative	2.2.0	MIT OR Apache-2.0	fcc3dd5e9e9c0b295d6e1e4d811fb6f157d5ffd784b8d202fc62eac8035a770b
derive-getters	0.5.0	MIT	74ef43543e701c01ad77d3a5922755c6a1d71b22d942cb8042be4994b380caff
digest	0.10.7	MIT OR Apache-2.0	9ed9a281f7bc9b7576e61468ba615a66a5c8cfdff42420a70aa82701a3b1e292
digest	0.11.3	MIT OR Apache-2.0	f1dd6dbb5841937940781866fa1281a1ff7bd3bf827091440879f9994983d5c2
document-features	0.2.12	MIT OR Apache-2.0	d4b8a88685455ed29a21542a33abd9cb6510b6b129abadabdcef0f4c55bc8f61
ed25519	2.2.3	Apache-2.0 OR MIT	115531babc129696a58c64a4fef0a8bf9e9698629fb97e9e40767d235cfbcd53
ed25519-dalek	2.2.0	BSD-3-Clause	70e796c081cee67dc755e1a36a0a172b897fab85fc3f6bc48307991f64e4eca9
educe	0.6.0	MIT	1d7bc049e1bd8cdeb31b68bbd586a9464ecf9f3944af3958a7a9d0f8b9799417
either	1.18.0	MIT OR Apache-2.0	252afb9ae5eaa683babdc6a068b3f5726eb19e05070c731f9b2a23a7c3e8ed34
embedded-io	0.4.0	MIT OR Apache-2.0	ef1a6892d9eef45c8fa6b9e0086428a2cca8491aca8f787c534a3d6d0bcb3ced
embedded-io	0.6.1	MIT OR Apache-2.0	edd0f118536f44f5ccd48bcb8b111bdc3de888b58c74639dfb034a357d0f206d
enum-ordinalize	4.4.2	MIT	89dd01549b09589510cf0647475075d12071456586d70f5c75c98ae2a5537677
enum-ordinalize-derive	4.4.2	MIT	a65863d15a4ce2888bd2f0f543cc963d3879c3a022c8ee43f6141d479a3ac815
errno	0.3.14	MIT OR Apache-2.0	39cab71617ae0d63f51a36d69f866391735b51691dbda63cf6f96d042b63efeb
fastrand	2.5.0	Apache-2.0 OR MIT	da7c62ceae207dd37ea5b845da6a0696c799f85e97da1ab5b7910be3c1c80223
ff	0.13.1	MIT OR Apache-2.0	c0b50bfb653653f9ca9095b427bed08ab8d75a137839d9ad64eb11810d5b6393
fiat-crypto	0.2.9	MIT OR Apache-2.0 OR BSD-1-Clause	28dea519a9695b9977216879a3ebfddf92f1c08c05d984f8996aecd6ecdc811d
fiat-crypto	0.3.0	MIT OR Apache-2.0 OR BSD-1-Clause	64cd1e32ddd350061ae6edb1b082d7c54915b5c672c389143b9a63403a109f24
find-msvc-tools	0.1.11	MIT OR Apache-2.0	d45db016d36b838f563236e9193d0ee6ce38f3f68b6c94e914b4929c96bbb890
fnv	1.0.7	Apache-2.0 / MIT	3f9eec918d3f24069decb9af1554cad7c880e2da24a9afd88aca000531ab82c1
fpe	0.6.1	MIT OR Apache-2.0	26c4b37de5ae15812a764c958297cfc50f5c010438f60c6ce75d11b802abd404
frost-core	3.0.0	MIT OR Apache-2.0	81ef2787af391c7e8bedc037a3b9ea03dde803fbd93e778e6bb369547800e5cd
frost-rerandomized	3.0.0	MIT OR Apache-2.0	8f4c5cedd2426728adef2c0b1720f57676354c473836d1ccc50d0f0d1c91942b
fs2	0.4.3	MIT OR Apache-2.0	9564fc758e15025b46aa6643b1b77d047d1a56a1aea6e01002ac0c7026876213
funty	2.0.0	MIT	e6d5a32815ae3f33302d95fdcb2ce17862f8c65363dcfd29360480ba1001fc9c
generic-array	0.14.7	MIT	85649ca51fd72272d7821adaf274ad91c288277713d9c18820d8499a7ff69e9a
getrandom	0.2.17	MIT OR Apache-2.0	ff2abc00be7fca6ebc474524697ae276ad847ad0a6b3faa4bcb027e9a4614ad0
getrandom	0.4.3	MIT OR Apache-2.0	300e883d756b2e4ec94e02791f39b04b522276138852cfc41d9fb7e904106099
getset	0.1.7	MIT	6cf442baaabe4213ce7d1239afc26c039180b6456da2cededa316ae2c8a77a77
group	0.13.0	MIT OR Apache-2.0	f0f9ef7462f7c099f518d754361858f86d8a07af53ba9af0fe635bbccb151a63
hash32	0.2.1	MIT OR Apache-2.0	b0c35f58762feb77d74ebe43bdbc3210f09be9fe6742234d573bacc26ed92b67
hashbrown	0.15.5	MIT OR Apache-2.0	9229cfe53dfd69f0609a49f65461bd93001ea1ef889cd5529dd176593f5338a1
heapless	0.7.17	MIT OR Apache-2.0	cdc6457c0eb62c71aac4bc17216026d8410337c4126773b9c5daba343f17964f
hex	0.4.3	MIT OR Apache-2.0	7f24254aa9a54b5c858eaee2f5bccdb46aaf0e486a595ed5fd8f86ba55232a70
hkdf	0.13.0	MIT OR Apache-2.0	4aaa26c720c68b866f2c96ef5c1264b3e6f473fe5d4ce61cd44bbe913e553018
hmac	0.13.0	MIT OR Apache-2.0	6303bc9732ae41b04cb554b844a762b4115a61bfaa81e3e83050991eeb56863f
hpke	0.14.0	MIT OR Apache-2.0	dd5130e119706b4d8c2180da6126f7e60b6c38c2d340d539219f57051f0a7af7
hybrid-array	0.4.14	MIT OR Apache-2.0	707114b52a152fa7bdb290cd7cd5912d9467273b6d74e21b8d81aca1f8533f6b
incrementalmerkletree	0.8.2	MIT OR Apache-2.0	30821f91f0fa8660edca547918dc59812893b497d07c1144f326f07fdd94aba9
inout	0.1.4	MIT OR Apache-2.0	879f10e63c20629ecabbb64a8010319738c66a5cd0c29b02d63d272b03751d01
inout	0.2.2	MIT OR Apache-2.0	4250ce6452e92010fdf7268ccc5d14faa80bb12fc741938534c58f16804e03c7
itertools	0.13.0	MIT OR Apache-2.0	413ee7dfc52ee1a4949ceeb7dbc8a33f2d6c088194d9f922fb8318faf1f01186
itertools	0.14.0	MIT OR Apache-2.0	2b192c782037fadd9cfa75548310488aabdbf3d2da73885b31bd0abd03351285
itoa	1.0.18	MIT OR Apache-2.0	8f42a60cbdf9a97f5d2305f08a87dc4e09308d1276d28c869c684d7777685682
jubjub	0.10.0	MIT OR Apache-2.0	8499f7a74008aafbecb2a2e608a3e13e4dd3e84df198b604451efe93f2de6e61
keccak	0.1.6	Apache-2.0 OR MIT	cb26cec98cce3a3d96cbb7bced3c4b16e3d13f27ec56dbd62cbc8f39cfb9d653
lazy_static	1.5.0	MIT OR Apache-2.0	bbd2bcb4c963f2ddae06a2efc7e9f3591312473c50c6685e1f298068316e66fe
libc	0.2.189	MIT OR Apache-2.0	3eaf3ede3fee6db1a4c2ee091bf8a8b4dccdc6d17f656fb07896ee72867612f2
libm	0.2.16	MIT	b6d2cec3eae94f9f509c767b45932f1ada8350c4bdb85af2fcab4a3c14807981
linux-raw-sys	0.12.1	Apache-2.0 WITH LLVM-exception OR Apache-2.0 OR MIT	32a66949e030da00e8c7d4434b251670a91556f4144941d37452769c25d58a53
litrs	1.0.0	MIT OR Apache-2.0	11d3d7f243d5c5a8b9bb5d6dd2b1602c0cb0b9db1621bafc7ed66e35ff9fe092
lock_api	0.4.14	MIT OR Apache-2.0	224399e74b87b5f3557511d98dff8b14089b3dadafcab6bb93eab67d3aace965
memchr	2.8.3	Unlicense OR MIT	cf8baf1c55e62ffcace7a9f06f4bd9cd3f0c4beb022d3b367256b91b87513d98
memuse	0.2.2	MIT OR Apache-2.0	3d97bbf43eb4f088f8ca469930cde17fa036207c9a5e02ccc5107c4e8b17c964
merlin	3.0.0	MIT	58c38e2799fc0978b65dfff8023ec7843e2330bb462f19198840b34b6582397d
nix	0.31.3	MIT	cf20d2fde8ff38632c426f1165ed7436270b44f199fc55284c38276f9db47c3d
num-bigint	0.4.8	MIT OR Apache-2.0	c89e69e7e0f03bea5ef08013795c25018e101932225a656383bd384495ecc367
num-integer	0.1.47	MIT OR Apache-2.0	7ce2d95d4b3734dc35aa2f45e1aa22cd416814592a4f9d9205e11affd5b8e10b
num-traits	0.2.19	MIT OR Apache-2.0	071dfc062690e90b734c0b2273ce72ad0ffa95f0c74596bc250dcfd960262841
once_cell	1.21.4	MIT OR Apache-2.0	9f7c3e4beb33f85d45ae3e3a1792185706c8e16d043238c593331cc7cd313b50
opaque-debug	0.3.1	MIT OR Apache-2.0	c08d65885ee38876c4f86fa503fb49d7b507c2b62552df7c70b2fce627e06381
pairing	0.23.0	MIT OR Apache-2.0	81fec4625e73cf41ef4bb6846cafa6d44736525f442ba45e407c4a000a13996f
pasta_curves	0.5.2	MIT OR Apache-2.0	3437083215c505e867eea5478371feba43d7689d6d15ec0a209eb46fb0d4cda6
paste	1.0.15	MIT OR Apache-2.0	57c0d7b74b563b49d38dae00a0c37d4d6de9b432382b2892f0574ddcae73fd0a
pin-project-lite	0.2.17	Apache-2.0 OR MIT	a89322df9ebe1c1578d689c92318e070967d1042b512afbe49518723f4e6d5cd
pkcs8	0.10.2	Apache-2.0 OR MIT	f950b2377845cebe5cf8b5165cb3cc1a5e0fa5cfa3e1f7f55707d8fd82e0a7b7
poly1305	0.8.0	Apache-2.0 OR MIT	8159bd90725d2df49889a078b54f4f79e87f1f8a8444194cdca81d38f5393abf
poly1305	0.9.1	Apache-2.0 OR MIT	6e2d0073b297041425c7c3df6eb4792d598a15323fe63346852b092eca02904c
postcard	1.1.3	MIT OR Apache-2.0	6764c3b5dd454e283a30e6dfe78e9b31096d9e32036b5d1eaac7a6119ccb9a24
ppv-lite86	0.2.21	MIT OR Apache-2.0	85eae3c4ed2f50dcfe72643da4befc30deadb458a9b590d720cde2f2b1e97da9
proc-macro2	1.0.107	MIT OR Apache-2.0	985e7ec9bb745e6ce6535b544d84d6cd6f7ad8bd711c398938ae983b91a766d9
quote	1.0.47	MIT OR Apache-2.0	1fbf4db142a473a8d80c26bbf18454ed458bf8d26c8219c331daecfdbd079001
r-efi	6.0.0	MIT OR Apache-2.0 OR LGPL-2.1-or-later	f8dcc9c7d52a811697d2151c701e0d08956f92b0e24136cf4cf27b57a6a0d9bf
radium	0.7.0	MIT	dc33ff2d4973d518d823d61aa239014831e521c75da58e3df4840d3f47749d09
rand	0.8.8	MIT OR Apache-2.0	e058c7de0b26af77780c769414d6257830bb240f3c38477dbc2c16e5f54d6d4c
rand_chacha	0.10.0	MIT OR Apache-2.0	3e6af7f3e25ded52c41df4e0b1af2d047e45896c2f3281792ed68a1c243daedb
rand_chacha	0.3.1	MIT OR Apache-2.0	e6c10a63a0fa32252be49d21e7709d4d4baf8d231c2dbce1eaa8141b9b127d88
rand_core	0.10.1	MIT OR Apache-2.0	63b8176103e19a2643978565ca18b50549f6101881c443590420e4dc998a3c69
rand_core	0.6.4	MIT OR Apache-2.0	ec0be4795e2f6a28069bec0b5ff3e2ac9bafc99e6a9a7dc3547996c5c816922c
reddsa	0.5.2	MIT OR Apache-2.0	4784b85c8bfd17b36b86e664e6e504ecdb586001086ee23749e4a633bbb84832
redjubjub	0.8.0	MIT OR Apache-2.0	89b0ac1bc6bb3696d2c6f52cff8fba57238b81da8c0214ee6cd146eb8fde364e
ring	0.17.14	Apache-2.0 AND ISC	a4689e6c2294d81e88dc6261c768b63bc4fcdb852be6d1352498b114f61383b7
rustc_version	0.4.1	MIT OR Apache-2.0	cfcb3a22ef46e85b45de6ee7e79d063319ebb6594faafcf1c225ea92ab6e9b92
rustix	1.1.4	Apache-2.0 WITH LLVM-exception OR Apache-2.0 OR MIT	b6fe4565b9518b83ef4f91bb47ce29620ca828bd32cb7e408f0062e9930ba190
rustls	0.23.45	Apache-2.0 OR ISC OR MIT	0d41d731c7d2f962d1ccc364cec258de3c0e93b38c2fb3ba97ac74513048d634
rustls-pki-types	1.14.0	MIT OR Apache-2.0	be040f8b0a225e40375822a563fa9524378b9d63112f53e19ffff34df5d33fdd
rustls-webpki	0.103.14	ISC	0527518605e68109d875e248ea259b6758801cf165e4b2c2733ae3b51f12535a
sapling-crypto	0.7.0	MIT OR Apache-2.0	2d70756ede56b5e4dd417979777bd87ddb83dfcbd0815dbf8175a9920537f8a0
scopeguard	1.2.0	MIT OR Apache-2.0	94143f37725109f92c262ed2cf5e59bce7498c01bcc1502d7b9afe439a4e9f49
semver	1.0.28	MIT OR Apache-2.0	8a7852d02fc848982e0c167ef163aaff9cd91dc640ba85e263cb1ce46fae51cd
serde	1.0.229	MIT OR Apache-2.0	4148590afebada386688f18773da617792bf2ef03ffc1e4cbd2b1d45b023e0ba
serde_core	1.0.229	MIT OR Apache-2.0	67dca2c9c51e58a4791a4b1ed58308b39c64224d349a935ab5039aa360942a48
serde_derive	1.0.229	MIT OR Apache-2.0	e7a5d71263a5a7d47b41f6b3f06ba276f10cc18b0931f1799f710578e2309348
serde_json	1.0.151	MIT OR Apache-2.0	c841b55ecdae098c80dcae9cf767f6f8a0c2cdb3416bbef72181df4d0fe73f14
serdect	0.2.0	Apache-2.0 OR MIT	a84f14a19e9a014bb9f4512488d9829a68e04ecabffb0f9904cd1ace94598177
sha2	0.10.9	MIT OR Apache-2.0	a7507d819769d01a365ab707794a4084392c824f54a7a6a7862f8c3d0892b283
sha2	0.11.0	MIT OR Apache-2.0	446ba717509524cb3f22f17ecc096f10f4822d76ab5c0b9822c5f9c284e825f4
sha3	0.10.8	MIT OR Apache-2.0	75872d278a8f37ef87fa0ddbda7802605cb18344497949862c0d4dcb291eba60
shlex	2.0.1	MIT OR Apache-2.0	f8fadd59c855ef2080decdef8ff161eb6661b86933c9d82e5ba29dc602a55aba
signature	2.2.0	Apache-2.0 OR MIT	77549399552de45a898a580c1b41d445bf730df867cc44e6c0233bbc4b8329de
spin	0.9.9	MIT	3763264f6b73151db08c50ff20d7d8a0b8796e021cdea7ceedad07b80155fa0e
spki	0.7.3	Apache-2.0 OR MIT	d91ed6c858b01f942cd56b37a94b3e0a1798290327d1236e4d9cf4eaca44d29d
stable_deref_trait	1.2.1	MIT OR Apache-2.0	6ce2be8dc25455e1f91df71bfa12ad37d7af1092ae736f3a6cd0e37bc7810596
static_assertions	1.1.0	MIT OR Apache-2.0	a2eb9349b6444b326872e140eb1cf5e7c522154d69e7a0ffb0fb81c06b37543f
subtle	2.6.1	BSD-3-Clause	13c2bddecc57b384dee18652358fb23172facb8a2c51ccc10d74c157bdea3292
syn	1.0.109	MIT OR Apache-2.0	72b64191b275b66ffe2469e8af2c1cfe3bafa67b529ead792a6d0160888b4237
syn	2.0.119	MIT OR Apache-2.0	872831b642d1a07999a962a351ed35b955ea2cfc8f3862091e2a240a84f17297
syn	3.0.4	MIT OR Apache-2.0	e6275cddf4610d1775e6d1fe9469b2e77d0f39fd98fb7450901b821e0c53649f
tap	1.0.1	MIT	55937e1799185b12863d447f42597ed69d9928686b8d88a1df17376a097d8369
tempfile	3.27.0	MIT OR Apache-2.0	32497e9a4c7b38532efcdebeef879707aa9f794296a4f0244f6f69e9bc8574bd
thiserror	1.0.69	MIT OR Apache-2.0	b6aaf5339b578ea85b50e080feb250a3e8ae8cfcdff9a461c9ec2904bc923f52
thiserror	2.0.20	MIT OR Apache-2.0	ec86235f5fcc2a73650310756d2ac5b138a5780bbbdfae3eeccec992c435ba4f
thiserror-impl	1.0.69	MIT OR Apache-2.0	4fee6c4efc90059e10f81e6d42c60a18f76588c3d74cb83a0b242a2b6c7504c1
thiserror-impl	2.0.20	MIT OR Apache-2.0	bc04cd3e1236dd4a98afca4569f2deb3f120e5422a4023be2cb683f8486292af
tracing	0.1.44	MIT	63e71662fa4b2a2c3a26f570f037eb95bb1f85397f3cd8076caed2f026a6d100
tracing-attributes	0.1.31	MIT	7490cfa5ec963746568740651ac6781f701c9c5ea257c58e057f3ba8cf69e8da
tracing-core	0.1.36	MIT	db97caf9d906fbde555dd62fa95ddba9eecfd14cb388e4f491a66d74cd5fb79a
tracing-subscriber	0.2.25	MIT	0e0d2eaa99c3c2e41547cfa109e910a68ea03823cccad4a0525dcbc9b01e8c71
typenum	1.20.1	MIT OR Apache-2.0	b6f5e870be6c3b371b77fe0ee0bafb859fa4964b4404c27de1d380043c4dda20
unicode-ident	1.0.24	(MIT OR Apache-2.0) AND Unicode-3.0	e6e4313cd5fcd3dad5cafa179702e2b244f760991f45397d14d4ebf38247da75
universal-hash	0.5.1	MIT OR Apache-2.0	fc1de2c688dc15305988b563c3854064043356019f97a4b46276fe734c4f07ea
universal-hash	0.6.1	MIT OR Apache-2.0	f4987bdc12753382e0bec4a65c50738ffaabc998b9cdd1f952fb5f39b0048a96
untrusted	0.9.0	ISC	8ecb6da28b8a351d773b68d5825ac39017e680750f980f3a1a85cd8dd28a47c1
valuable	0.1.1	MIT	ba73ea9cf16a25df0c8caa16c51acb937d5712a8429db78a3ee29d5dcacd3a65
version_check	0.9.5	MIT OR Apache-2.0	0b928f33d975fc6ad9f86c8f283853ad26bdd5b10b7f1542aa2fa15e2289105a
visibility	0.1.1	Zlib OR MIT OR Apache-2.0	d674d135b4a8c1d7e813e2f8d1c9a58308aee4a680323066025e53132218bd91
wasi	0.11.1+wasi-snapshot-preview1	Apache-2.0 WITH LLVM-exception OR Apache-2.0 OR MIT	ccf3ec651a847eb01de73ccad15eb7d99f80485de043efb2f370cd654f4ea44b
winapi	0.3.9	MIT OR Apache-2.0	5c839a674fcd7a98952e593242ea400abe93992746761e38641405d28b00f419
winapi-i686-pc-windows-gnu	0.4.0	MIT OR Apache-2.0	ac3b87c63620426dd9b991e5ce0329eff545bccbbb34f3be09ff6fb6ab51b7b6
winapi-x86_64-pc-windows-gnu	0.4.0	MIT OR Apache-2.0	712e227841d057c1ee1cd2fb22fa7e5a5461ae8e48fa2ca79ec42cfc1931183f
windows-link	0.2.1	MIT OR Apache-2.0	f0805222e57f7521d6a62e36fa9163bc891acd422f971defe97d64e70d0a4fe5
windows-sys	0.52.0	MIT OR Apache-2.0	282be5f36a8ce781fad8c8ae18fa3f9beff57ec1b52cb3de0789201425d9a33d
windows-sys	0.61.2	MIT OR Apache-2.0	ae137229bcbd6cdf0f7b80a31df61766145077ddf49416a728b02cb3921ff3fc
windows-targets	0.52.6	MIT OR Apache-2.0	9b724f72796e036ab90c1021d4780d4d3d648aca59e491e6b98e725b84e99973
windows_aarch64_gnullvm	0.52.6	MIT OR Apache-2.0	32a4622180e7a0ec044bb555404c800bc9fd9ec262ec147edd5989ccd0c02cd3
windows_aarch64_msvc	0.52.6	MIT OR Apache-2.0	09ec2a7bb152e2252b53fa7803150007879548bc709c039df7627cabbd05d469
windows_i686_gnu	0.52.6	MIT OR Apache-2.0	8e9b5ad5ab802e97eb8e295ac6720e509ee4c243f69d781394014ebfe8bbfa0b
windows_i686_gnullvm	0.52.6	MIT OR Apache-2.0	0eee52d38c090b3caa76c563b86c3a4bd71ef1a819287c19d586d7334ae8ed66
windows_i686_msvc	0.52.6	MIT OR Apache-2.0	240948bc05c5e7c6dabba28bf89d89ffce3e303022809e73deaefe4f6ec56c66
windows_x86_64_gnu	0.52.6	MIT OR Apache-2.0	147a5c80aabfbf0c7d901cb5895d1de30ef2907eb21fbbab29ca94c5b08b1a78
windows_x86_64_gnullvm	0.52.6	MIT OR Apache-2.0	24d5b23dc417412679681396f2b49f3de8c1473deb516bd34410872eff51ed0d
windows_x86_64_msvc	0.52.6	MIT OR Apache-2.0	589f6da84c646204747d1270a2a5661ea66ed1cced2631d546fdfb155959f9ec
wyz	0.5.1	MIT	05f360fc0b24296329c78fda852a1e9ae82de9cf7b27dae4b7f62f118f77b9ed
x25519-dalek	3.0.0	BSD-3-Clause	e7e8131a03190127fb2263afc72b322ecadae46b6ff8c6f399ff5d02f5559af6
zcash_note_encryption	0.4.2	MIT OR Apache-2.0	e1cb1b9170c94370e3d66c5cc0877661db743337588b64de7711239eed462198
zcash_spec	0.2.1	MIT OR Apache-2.0	ded3f58b93486aa79b85acba1001f5298f27a46489859934954d262533ee2915
zerocopy	0.8.56	BSD-2-Clause OR Apache-2.0 OR MIT	556764e583adb45a9f8d413c2a147fa7e8d821e48e12b14fd560b607998b75eb
zerocopy-derive	0.8.56	BSD-2-Clause OR Apache-2.0 OR MIT	f2ab42fc20575779bd240faa45f94a74256f755c0fa9e89f0ede20d91d0cdfc1
zeroize	1.9.0	Apache-2.0 OR MIT	e13c156562582aa81c60cb29407084cdb54c4164760106ab78e6c5b0858cf64e
zeroize_derive	1.5.0	Apache-2.0 OR MIT	3c50655cbb0fe3fc43170059e702f1ce5e19b84cec58dc87b037a09935c2f328
zip32	0.2.1	MIT OR Apache-2.0	b64bf5186a8916f7a48f2a98ef599bf9c099e2458b36b819e393db1c0e768c4b
zmij	1.0.23	MIT	29666d0abbfad1e3dc4dcf6144730dd3a3ab225bbbdac83319345b1b44ccfc1b
